{
  "roc_auc": 0.9887361921717285,
  "pr_auc": 0.9910495160041336
}