{
  "feature_order": [
    "q6",
    "ent",
    "p2"
  ],
  "scaler_mean": [
    0.11137503048677613,
    -5.500519333333333,
    0.20682046666666667
  ],
  "scaler_std": [
    0.06144467670256863,
    0.6782432360014936,
    0.2978456000290606
  ],
  "coef": [
    2.5153342524447844,
    -6.025142843113548,
    1.4321987540559904
  ],
  "intercept": -5.2131969625552586,
  "prob_threshold": 0.5,
  "positive_class": "crystal"
}