{
  "feature_order": [
    "q6",
    "ent",
    "p2"
  ],
  "scaler_mean": [
    0.325,
    -5.4,
    0.475
  ],
  "scaler_std": [
    0.13811227316933133,
    0.4123105625617662,
    0.20155644370746373
  ],
  "coef": [
    0.5803518906204661,
    -0.5689950442218336,
    0.6025300021898865
  ],
  "intercept": 0.013594321571501167,
  "prob_threshold": 0.5,
  "positive_class": "crystal"
}